Disease,Symptom_1,Symptom_2,Symptom_3,Symptom_4,Symptom_5,Symptom_6,Symptom_7,Symptom_8,Symptom_9,Symptom_10,Symptom_11,Symptom_12,Symptom_13,Symptom_14,Symptom_15,Symptom_16,Symptom_17
Acne,skin_rash,blackheads,scurring,,,,,,,,,,,,,,
Acne,skin_rash,pus_filled_pimples,blackheads,scurring,,,,,,,,,,,,,
Hyperthyroidism,fatigue,mood_swings,weight_loss,restlessness,sweating,diarrhoea,fast_heart_rate,excessive_hunger,muscle_weakness,irritability,abnormal_menstruation,,,,,,
AIDS,muscle_wasting,patches_in_throat,high_fever,extra_marital_contacts,,,,,,,,,,,,,
Chronic cholestasis,itching,vomiting,yellowish_skin,nausea,loss_of_appetite,abdominal_pain,yellowing_of_eyes,,,,,,,,,,
Hypertension ,headache,chest_pain,dizziness,loss_of_balance,lack_of_concentration,,,,,,,,,,,,
Hypoglycemia,vomiting,fatigue,anxiety,sweating,headache,nausea,blurred_and_distorted_vision,excessive_hunger,drying_and_tingling_lips,slurred_speech,irritability,palpitations,,,,,
Arthritis,muscle_weakness,stiff_neck,swelling_joints,painful_walking,,,,,,,,,,,,,
Hepatitis B,itching,fatigue,lethargy,yellowish_skin,dark_urine,loss_of_appetite,abdominal_pain,yellow_urine,yellowing_of_eyes,malaise,receiving_blood_transfusion,receiving_unsterile_injections,,,,,
Migraine,acidity,indigestion,headache,blurred_and_distorted_vision,excessive_hunger,stiff_neck,depression,irritability,visual_disturbances,,,,,,,,
Urinary tract infection,burning_micturition,bladder_discomfort,foul_smell_of_urine,continuous_feel_of_urine,,,,,,,,,,,,,
Diabetes ,fatigue,weight_loss,restlessness,lethargy,irregular_sugar_level,blurred_and_distorted_vision,obesity,excessive_hunger,increased_appetite,polyuria,,,,,,,
Hepatitis D,joint_pain,vomiting,fatigue,yellowish_skin,dark_urine,nausea,loss_of_appetite,abdominal_pain,yellowing_of_eyes,,,,,,,,
Psoriasis,skin_rash,joint_pain,skin_peeling,small_dents_in_nails,inflammatory_nails,,,,,,,,,,,,
Alcoholic hepatitis,vomiting,yellowish_skin,abdominal_pain,swelling_of_stomach,distention_of_abdomen,history_of_alcohol_consumption,,,,,,,,,,,
Alcoholic hepatitis,vomiting,yellowish_skin,abdominal_pain,swelling_of_stomach,distention_of_abdomen,history_of_alcohol_consumption,fluid_overload,,,,,,,,,,
Dimorphic hemmorhoids(piles),constipation,pain_during_bowel_movements,pain_in_anal_region,bloody_stool,irritation_in_anus,,,,,,,,,,,,
Hepatitis E,joint_pain,vomiting,fatigue,high_fever,yellowish_skin,dark_urine,nausea,loss_of_appetite,abdominal_pain,yellowing_of_eyes,acute_liver_failure,coma,stomach_bleeding,,,,
Diabetes ,fatigue,weight_loss,restlessness,lethargy,irregular_sugar_level,blurred_and_distorted_vision,excessive_hunger,increased_appetite,polyuria,,,,,,,,
Cervical spondylosis,back_pain,weakness_in_limbs,neck_pain,dizziness,loss_of_balance,,,,,,,,,,,,
Bronchial Asthma,fatigue,cough,high_fever,breathlessness,mucoid_sputum,,,,,,,,,,,,
hepatitis A,joint_pain,vomiting,yellowish_skin,dark_urine,nausea,loss_of_appetite,diarrhoea,mild_fever,yellowing_of_eyes,muscle_pain,,,,,,,
Hepatitis B,itching,fatigue,lethargy,yellowish_skin,dark_urine,loss_of_appetite,abdominal_pain,yellow_urine,yellowing_of_eyes,malaise,receiving_blood_transfusion,receiving_unsterile_injections,,,,,
Bronchial Asthma,fatigue,cough,high_fever,breathlessness,family_history,mucoid_sputum,,,,,,,,,,,
Allergy,continuous_sneezing,shivering,chills,watering_from_eyes,,,,,,,,,,,,,
Hepatitis C,fatigue,yellowish_skin,nausea,loss_of_appetite,family_history,,,,,,,,,,,,
Pneumonia,chills,fatigue,cough,high_fever,breathlessness,sweating,malaise,phlegm,chest_pain,fast_heart_rate,rusty_sputum,,,,,,
Migraine,acidity,indigestion,headache,excessive_hunger,stiff_neck,depression,irritability,visual_disturbances,,,,,,,,,
Hypothyroidism,fatigue,weight_gain,mood_swings,lethargy,dizziness,puffy_face_and_eyes,enlarged_thyroid,brittle_nails,swollen_extremeties,depression,irritability,abnormal_menstruation,,,,,
Migraine,acidity,indigestion,headache,blurred_and_distorted_vision,excessive_hunger,stiff_neck,depression,irritability,visual_disturbances,,,,,,,,
Chronic cholestasis,itching,vomiting,yellowish_skin,nausea,loss_of_appetite,abdominal_pain,yellowing_of_eyes,,,,,,,,,,
Hepatitis B,itching,fatigue,lethargy,yellowish_skin,dark_urine,loss_of_appetite,abdominal_pain,yellow_urine,yellowing_of_eyes,malaise,receiving_blood_transfusion,receiving_unsterile_injections,,,,,
Gastroenteritis,vomiting,dehydration,diarrhoea,,,,,,,,,,,,,,
Hepatitis E,joint_pain,vomiting,fatigue,yellowish_skin,dark_urine,nausea,loss_of_appetite,abdominal_pain,yellowing_of_eyes,acute_liver_failure,coma,stomach_bleeding,,,,,
Varicose veins,fatigue,cramps,bruising,obesity,swollen_legs,prominent_veins_on_calf,,,,,,,,,,,
Migraine,acidity,indigestion,headache,blurred_and_distorted_vision,stiff_neck,depression,irritability,visual_disturbances,,,,,,,,,
Jaundice,itching,vomiting,fatigue,weight_loss,high_fever,yellowish_skin,dark_urine,abdominal_pain,,,,,,,,,
Drug Reaction,itching,skin_rash,stomach_pain,burning_micturition,,,,,,,,,,,,,
Pneumonia,chills,fatigue,cough,high_fever,breathlessness,sweating,malaise,phlegm,chest_pain,fast_heart_rate,rusty_sputum,,,,,,
Urinary tract infection,burning_micturition,bladder_discomfort,foul_smell_of_urine,continuous_feel_of_urine,,,,,,,,,,,,,
Hepatitis C,fatigue,yellowish_skin,loss_of_appetite,yellowing_of_eyes,family_history,,,,,,,,,,,,
(vertigo) Paroymsal  Positional Vertigo,vomiting,headache,nausea,spinning_movements,loss_of_balance,unsteadiness,,,,,,,,,,,
Hypertension ,chest_pain,dizziness,loss_of_balance,lack_of_concentration,,,,,,,,,,,,,
Diabetes ,fatigue,weight_loss,restlessness,lethargy,irregular_sugar_level,blurred_and_distorted_vision,obesity,increased_appetite,polyuria,,,,,,,,
Jaundice,itching,vomiting,weight_loss,high_fever,yellowish_skin,dark_urine,abdominal_pain,,,,,,,,,,
Gastroenteritis,vomiting,sunken_eyes,dehydration,diarrhoea,,,,,,,,,,,,,
Hypoglycemia,vomiting,fatigue,anxiety,headache,nausea,blurred_and_distorted_vision,excessive_hunger,drying_and_tingling_lips,slurred_speech,irritability,palpitations,,,,,,
Hepatitis B,itching,fatigue,lethargy,yellowish_skin,dark_urine,loss_of_appetite,abdominal_pain,yellow_urine,yellowing_of_eyes,malaise,receiving_blood_transfusion,receiving_unsterile_injections,,,,,
Psoriasis,skin_rash,joint_pain,skin_peeling,silver_like_dusting,small_dents_in_nails,inflammatory_nails,,,,,,,,,,,
Psoriasis,skin_rash,joint_pain,skin_peeling,silver_like_dusting,small_dents_in_nails,inflammatory_nails,,,,,,,,,,,
Heart attack,vomiting,breathlessness,sweating,chest_pain,,,,,,,,,,,,,
Tuberculosis,chills,vomiting,weight_loss,cough,high_fever,breathlessness,sweating,loss_of_appetite,mild_fever,yellowing_of_eyes,swelled_lymph_nodes,malaise,phlegm,chest_pain,blood_in_sputum,,
Varicose veins,fatigue,cramps,bruising,obesity,swollen_legs,swollen_blood_vessels,prominent_veins_on_calf,,,,,,,,,,
Allergy,continuous_sneezing,shivering,chills,,,,,,,,,,,,,,
Hyperthyroidism,fatigue,mood_swings,weight_loss,restlessness,sweating,diarrhoea,fast_heart_rate,excessive_hunger,muscle_weakness,irritability,abnormal_menstruation,,,,,,
Hepatitis C,fatigue,yellowish_skin,nausea,loss_of_appetite,yellowing_of_eyes,family_history,,,,,,,,,,,
Typhoid,chills,vomiting,fatigue,high_fever,headache,nausea,constipation,abdominal_pain,diarrhoea,toxic_look_(typhos),belly_pain,,,,,,
Common Cold,continuous_sneezing,chills,fatigue,cough,high_fever,headache,swelled_lymph_nodes,malaise,phlegm,throat_irritation,redness_of_eyes,sinus_pressure,runny_nose,congestion,chest_pain,loss_of_smell,muscle_pain
Urinary tract infection,burning_micturition,bladder_discomfort,foul_smell_of_urine,continuous_feel_of_urine,,,,,,,,,,,,,
Peptic ulcer diseae,vomiting,indigestion,loss_of_appetite,abdominal_pain,passage_of_gases,,,,,,,,,,,,
Hypoglycemia,vomiting,fatigue,anxiety,sweating,headache,nausea,blurred_and_distorted_vision,excessive_hunger,drying_and_tingling_lips,slurred_speech,irritability,palpitations,,,,,
Hyperthyroidism,fatigue,mood_swings,weight_loss,restlessness,sweating,diarrhoea,excessive_hunger,muscle_weakness,irritability,abnormal_menstruation,,,,,,,
Tuberculosis,chills,vomiting,fatigue,cough,high_fever,breathlessness,sweating,loss_of_appetite,mild_fever,yellowing_of_eyes,swelled_lymph_nodes,malaise,phlegm,chest_pain,blood_in_sputum,,
Heart attack,vomiting,breathlessness,sweating,chest_pain,,,,,,,,,,,,,
(vertigo) Paroymsal  Positional Vertigo,vomiting,headache,nausea,loss_of_balance,unsteadiness,,,,,,,,,,,,
Hypothyroidism,fatigue,weight_gain,cold_hands_and_feets,mood_swings,lethargy,dizziness,enlarged_thyroid,brittle_nails,swollen_extremeties,depression,irritability,abnormal_menstruation,,,,,
Paralysis (brain hemorrhage),vomiting,headache,weakness_of_one_body_side,altered_sensorium,,,,,,,,,,,,,
AIDS,patches_in_throat,high_fever,extra_marital_contacts,,,,,,,,,,,,,,
(vertigo) Paroymsal  Positional Vertigo,vomiting,headache,nausea,spinning_movements,loss_of_balance,,,,,,,,,,,,
Dimorphic hemmorhoids(piles),constipation,pain_during_bowel_movements,pain_in_anal_region,bloody_stool,,,,,,,,,,,,,
Fungal infection,itching,skin_rash,nodal_skin_eruptions,,,,,,,,,,,,,,
Bronchial Asthma,fatigue,cough,high_fever,breathlessness,family_history,mucoid_sputum,,,,,,,,,,,
Acne,skin_rash,pus_filled_pimples,blackheads,scurring,,,,,,,,,,,,,
Hepatitis E,joint_pain,vomiting,fatigue,high_fever,yellowish_skin,dark_urine,nausea,loss_of_appetite,abdominal_pain,yellowing_of_eyes,coma,stomach_bleeding,,,,,
Hypothyroidism,fatigue,cold_hands_and_feets,mood_swings,lethargy,dizziness,puffy_face_and_eyes,enlarged_thyroid,brittle_nails,swollen_extremeties,depression,irritability,abnormal_menstruation,,,,,
Chronic cholestasis,vomiting,yellowish_skin,nausea,loss_of_appetite,abdominal_pain,yellowing_of_eyes,,,,,,,,,,,
Impetigo,skin_rash,high_fever,blister,red_sore_around_nose,yellow_crust_ooze,,,,,,,,,,,,
Impetigo,skin_rash,high_fever,blister,red_sore_around_nose,yellow_crust_ooze,,,,,,,,,,,,
Common Cold,continuous_sneezing,chills,fatigue,cough,high_fever,swelled_lymph_nodes,malaise,phlegm,throat_irritation,redness_of_eyes,sinus_pressure,runny_nose,congestion,chest_pain,loss_of_smell,muscle_pain,
Migraine,acidity,indigestion,headache,blurred_and_distorted_vision,excessive_hunger,stiff_neck,depression,irritability,visual_disturbances,,,,,,,,
GERD,stomach_pain,acidity,ulcers_on_tongue,cough,chest_pain,,,,,,,,,,,,
Impetigo,skin_rash,high_fever,blister,red_sore_around_nose,yellow_crust_ooze,,,,,,,,,,,,
GERD,stomach_pain,acidity,ulcers_on_tongue,vomiting,cough,chest_pain,,,,,,,,,,,
Drug Reaction,itching,skin_rash,stomach_pain,burning_micturition,spotting__urination,,,,,,,,,,,,
Hepatitis B,itching,fatigue,lethargy,yellowish_skin,dark_urine,loss_of_appetite,abdominal_pain,yellow_urine,yellowing_of_eyes,malaise,receiving_blood_transfusion,receiving_unsterile_injections,,,,,
AIDS,muscle_wasting,patches_in_throat,high_fever,extra_marital_contacts,,,,,,,,,,,,,
Jaundice,itching,vomiting,weight_loss,high_fever,yellowish_skin,dark_urine,abdominal_pain,,,,,,,,,,
Gastroenteritis,vomiting,sunken_eyes,dehydration,diarrhoea,,,,,,,,,,,,,
(vertigo) Paroymsal  Positional Vertigo,headache,nausea,spinning_movements,loss_of_balance,unsteadiness,,,,,,,,,,,,
Dengue,skin_rash,chills,vomiting,fatigue,high_fever,headache,nausea,loss_of_appetite,pain_behind_the_eyes,back_pain,malaise,muscle_pain,red_spots_over_body,,,,
Hypothyroidism,fatigue,weight_gain,cold_hands_and_feets,mood_swings,lethargy,dizziness,puffy_face_and_eyes,enlarged_thyroid,brittle_nails,swollen_extremeties,depression,irritability,abnormal_menstruation,,,,
Malaria,chills,vomiting,high_fever,sweating,headache,nausea,diarrhoea,muscle_pain,,,,,,,,,
Hepatitis D,joint_pain,vomiting,fatigue,yellowish_skin,dark_urine,nausea,abdominal_pain,yellowing_of_eyes,,,,,,,,,
Alcoholic hepatitis,vomiting,yellowish_skin,abdominal_pain,swelling_of_stomach,distention_of_abdomen,history_of_alcohol_consumption,fluid_overload,,,,,,,,,,
Tuberculosis,chills,vomiting,fatigue,weight_loss,cough,high_fever,breathlessness,sweating,loss_of_appetite,mild_fever,yellowing_of_eyes,swelled_lymph_nodes,malaise,phlegm,chest_pain,blood_in_sputum,
Gastroenteritis,vomiting,sunken_eyes,dehydration,diarrhoea,,,,,,,,,,,,,
Malaria,chills,vomiting,high_fever,sweating,headache,nausea,diarrhoea,muscle_pain,,,,,,,,,
Heart attack,vomiting,breathlessness,sweating,chest_pain,,,,,,,,,,,,,
Pneumonia,chills,fatigue,cough,high_fever,breathlessness,sweating,phlegm,chest_pain,fast_heart_rate,rusty_sputum,,,,,,,
Dengue,skin_rash,chills,joint_pain,vomiting,fatigue,headache,nausea,loss_of_appetite,pain_behind_the_eyes,back_pain,malaise,muscle_pain,red_spots_over_body,,,,
